Test,Pearson_R,p_value
Test A (H-Component),0.9350520820697892,4.5225035376221004e-30
Test B (D-Component),0.8571610804859864,8.157015075352627e-20
Test C (Z-Component),0.9111585370768275,6.05114258192488e-26
