Task,Gradient_Norm
Detection,0.02399531087424971
Magnitude,0.024793175393787864
Azimuth,0.02255212870333491
Projection,0.02507025645910648
